249927,The Good Wife,CBS,2300-2340-M/1500-1600-W/2300-2340-F,M.W.F,TV
249924,Elementary,CBS,2300-2340-M/1500-1600-W/2300-2340-F,M.W.F,TV
251545,CSI: Crime Scene Investigation,CBS,2300-2340-M/1500-1600-W/2300-2340-F,M.W.F,TV
255164,Justified,CBS,2300-2340-M/1500-1600-W/2300-2340-F,M.W.F,TV
256976,Shameless,CBS,2300-2340-M/1500-1600-W/2300-2340-F,M.W.F,TV
257704,Community,CBS,2300-2340-M/1500-1600-W/2300-2340-F,M.W.F,TV
259769,Arrow,CBS,2300-2340-M/1500-1600-W/2300-2340-F,M.W.F,TV
260991,The Big Bang Theory,CBS,2300-2340-M/1500-1600-W/2300-2340-F,M.W.F,TV
262137,Person of Interest,CBS,2300-2340-M/1500-1600-W/2300-2340-F,M.W.F,TV
262198,Dallas,CBS,2300-2340-M/1500-1600-W/2300-2340-F,M.W.F,TV
262209,The Following,CBS,2300-2340-M/1500-1600-W/2300-2340-F,M.W.F,TV
264365,Fringe,CBS,2300-2340-M/1500-1600-W/2300-2340-F,M.W.F,TV
273663,Nikita,CBS,2300-2340-M/1500-1600-W/2300-2340-F,M.W.F,TV
274574,Pretty Little Liars,CBS,2300-2340-M/1500-1600-W/2300-2340-F,M.W.F,TV
260000,Hostages,ABC,2300-2340-M/1500-1600-W/2300-2340-F,M.W.F,TV
262825,Breaking Bad,ABC,2300-2340-M/1500-1600-W/2300-2340-F,M.W.F,TV
276117,Drop Dead Diva,ABC,2300-2340-M/1500-1600-W/2300-2340-F,M.W.F,TV
274465,The Big C,ABC,2300-2340-M/1500-1600-W/2300-2340-F,M.W.F,TV
282104,30 Days blink Unlimited for TV Series and Select Movies - P250,ABC,2300-2340-M/1500-1600-W/2300-2340-F,M.W.F,TV
282740,House of Lies,ABC,2300-2340-M/1500-1600-W/2300-2340-F,M.W.F,TV
282944,Reign,ABC,2300-2340-M/1500-1600-W/2300-2340-F,M.W.F,TV
283038,Under the Dome,ABC,2300-2340-M/1500-1600-W/2300-2340-F,M.W.F,TV
283201,Undateable,ABC,2300-2340-M/1500-1600-W/2300-2340-F,M.W.F,TV
284043,Dark Blue,NBC,2300-2340-M/1500-1600-W/2300-2340-F,M.W.F,TV
282792,NCIS,NBC,2300-2340-M/1500-1600-W/2300-2340-F,M.W.F,TV
282868,The Millers,NBC,2300-2340-M/1500-1600-W/2300-2340-F,M.W.F,TV
283237,1 Day Subscription for Episodes and TV Series - P10,NBC,2300-2340-M/1500-1600-W/2300-2340-F,M.W.F,TV
283461,Smart Movie Bundles,NBC,2300-2340-M/1500-1600-W/2300-2340-F,M.W.F,TV
283624,2015 By The Book Bundle,NBC,2300-2340-M/1500-1600-W/2300-2340-F,M.W.F,TV
283911,Samsung Galaxy Note 4 Edge Movies,NBC,2300-2340-M/1500-1600-W/2300-2340-F,M.W.F,TV
284111,Friends,NBC,2300-2340-M/1500-1600-W/2300-2340-F,M.W.F,TV
284190,Pushing Daisies,NBC,2300-2340-M/1500-1600-W/2300-2340-F,M.W.F,TV
284315,Veronica Mars,PBS,2300-2340-M/1500-1600-W/2300-2340-F,M.W.F,TV
284424,Nip/Tuck,PBS,2300-2340-M/1500-1600-W/2300-2340-F,M.W.F,TV
284471,The Goldbergs,PBS,2300-2340-M/1500-1600-W/2300-2340-F,M.W.F,TV
284576,Longmire,PBS,2300-2340-M/1500-1600-W/2300-2340-F,M.W.F,TV
284712,Golden Boy,PBS,2300-2340-M/1500-1600-W/2300-2340-F,M.W.F,TV
284775,Shark Tank,PBS,2300-2340-M/1500-1600-W/2300-2340-F,M.W.F,TV
284957,Reality Show,PBS,2300-2340-M/1500-1600-W/2300-2340-F,M.W.F,TV
284979,The Real Ghostbusters,PBS,2300-2340-M/1500-1600-W/2300-2340-F,M.W.F,TV
285030,Mad About You,PBS,2300-2340-M/1500-1600-W/2300-2340-F,M.W.F,TV
284830,FreeTSubs,FOX,2300-2340-M/1500-1600-W/2300-2340-F,M.W.F,TV
285242,V,FOX,2300-2340-M/1500-1600-W/2300-2340-F,M.W.F,TV
285265,10 Items or Less,FOX,2300-2340-M/1500-1600-W/2300-2340-F,M.W.F,TV
285357,Unforgettable,FOX,2300-2340-M/1500-1600-W/2300-2340-F,M.W.F,TV
285423,Dilbert,FOX,2300-2340-M/1500-1600-W/2300-2340-F,M.W.F,TV
286099,Masters of Sex,FOX,2300-2340-M/1500-1600-W/2300-2340-F,M.W.F,TV